"model_id","term","coef","se","nobs","rsquared"
"s1_focal","treatmentcore_belief",-0.167238936554041,0.0250137528334447,2470,0.20169472185
"s1_focal","treatmentdistal_belief",-0.036395584207829,0.0212507172627735,2470,0.20169472185
"s1_distal","treatmentcore_belief",-0.118640886530353,0.0295056600230849,2471,0.367202044619091
"s1_distal","treatmentdistal_belief",-0.203964307358273,0.0316505993906072,2471,0.367202044619091
"s2_focal","treatmentcore_belief",-0.0901021211755178,0.0274860747416393,1679,0.160078626371381
"s2_focal","treatmentdistal_belief",0.00543020432230067,0.0253838002407465,1679,0.160078626371381
"s2_distal","treatmentcore_belief",-0.0634357318326912,0.0362706191536315,1679,0.227376116702857
"s2_distal","treatmentdistal_belief",-0.130798928499329,0.0380163107172006,1679,0.227376116702857
